Workbook

Sheet Analisi E27 — CAIM
A1: Analisi IACS UR E27 (sez. 4.1 + 4.2) — CAIM (NaviGate + NGBox + NGLinq + ADP/e-NP) — GNV
A2: HWG Sababa — Aprile 2026 | Fonti: NGBOX-NGLINQ Standard Configuration Guide_v.1.0.pdf (24/07/2025), NaviGate_ADP_eNP_IT_Reference_Guide.pdf, Navigate Basic Procedures for User_v.2.0.pdf (11/03/2026), NaviGate_Backup and Restore.pdf (cap. 23), NaviGate_Activation_Master (1).pdf, NAVIGATE_How_Activate_Backup_Station (1).pdf, ALTAIR.txt + File multimediali.jpeg + File multimediali (1).jpeg (documentazione installazione GNV Altair, foto postazioni primaria/backup del 05/03/2026 ore 11:37/11:38: Hostname ALTD102058/ALTD102061, IP 172.16.128.228/231, username 'rt'), GNV_Systems_2026-04-17.xlsx tab CAIM. Per i criteri di classificazione stati, vedere foglio 'Legenda'.
A3: # | B3: Controllo E27 | C3: Rif. IEC | D3: Cosa sappiamo | E3: Da dove viene l'informazione | F3: Stato | G3: Cosa manca / criticità | H3: Cosa fare | I3: Priorità
A4: FR1 — Identificazione e autenticazione
A5: 1 | B5: Identificazione utente | C5: SR 1.1 | D5: CAIM installato su 2 PC Windows dedicati (Master + Slave) per nave. Su GNV Altair: Hostname ALTD102058 (primario) e ALTD102061 (backup), entrambi con username 'rt' (username condiviso tra le due postazioni). L'accesso al NGBox richiede privilegi Administrator pieni per l'esecuzione del software. | E5: NaviGate_ADP_eNP_IT_Reference_Guide.pdf sez. 2.1 (Full Administrator Rights) ALTAIR.txt (documentazione installazione GNV Altair: ALTD102058/ALTD102061, 172.16.128.228/231, username 'rt') | F5: PARZIALMENTE CONFORME | G5: Username 'rt' condiviso tra postazione primaria e backup — account condiviso, non individuale. Non è possibile tracciare quale operatore ha eseguito un'azione. Requisito Administrator pieno applica privilegi elevati a un account condiviso. | H5: Richiedere a CAIM se il software supporta account individuali. Concordare con GNV la creazione di account individuali per ogni operatore che usa le postazioni NaviGate, con traccia degli accessi. | I5: MEDIA
A6: 2 | B6: Gestione account | C6: SR 1.3 | D6: Nessuna procedura formale di lifecycle account documentata nei manuali ricevuti. Gli utenti locali Windows sulle postazioni GNV Altair ('rt') sono gestiti presumibilmente via procedure GNV/Dastech. | E6: Inferenza dai manuali CAIM (che non trattano lifecycle account) | F6: DA VERIFICARE | G6: Manca procedura di creazione, modifica, revoca account. La gestione di 'rt' a bordo è incerta. | H6: Richiedere a Dastech/GNV chi gestisce l'account Windows 'rt' sulle postazioni Altair (e sulle altre navi). Definire procedura di lifecycle. | I6: MEDIA
A7: 3 | B7: Gestione ruoli | C7: SR 1.4 | D7: NaviGate non documenta ruoli interni all'applicazione. Il software funziona in modalità Master o Slave (architettura a 2 postazioni, solo una attiva alla volta come Master). | E7: Navigate Basic Procedures for User_v.2.0.pdf (11/03/2026) (ruoli Master/Slave) | F7: PARZIALMENTE CONFORME | G7: Il concetto di 'ruolo' esiste a livello di stazione (Master vs Slave), non di utente. Nessun modello granulare ruolo/privilegio interno. | H7: Richiedere a CAIM se esistono ruoli utente distinti nel software (es. read-only vs editor). Se no, prendere atto del limite. | I7: BASSA
A8: 4 | B8: Gestione credenziali | C8: SR 1.5 | D8: Credenziali di default pubblicate nel manuale ufficiale CAIM: NGBox Computer 'admin' / 'Ngbox_2024!' e Mikrotik Router 'admin' / 'Ngbox_2024!'. Le credenziali sono identiche per NGBox e Mikrotik e presumibilmente identiche su tutte le navi che ricevono il sistema. TeamViewer pre-installato con credenziali gestite da CAIM Support (non note a GNV). | E8: NGBOX-NGLINQ Standard Configuration Guide_v.1.0.pdf (24/07/2025) sez. 3 'Credentials' | F8: PARZIALMENTE CONFORME | G8: Le credenziali di default sono documentate in un manuale tecnico distribuito ai clienti ma non sono segrete. Se non cambiate al commissioning, forniscono accesso ad admin NGBox e Mikrotik a chiunque abbia letto il manuale. Il problema è sistemico: stesse credenziali su tutta la flotta NaviGate. Riguarda confidenzialità e autenticazione. La mitigazione è responsabilità del cliente al commissioning. | H8: 1) Verificare per ciascuna nave GNV che le credenziali di default NGBox e Mikrotik siano state cambiate al commissioning. 2) Richiedere a CAIM policy formale di change password obbligatorio al commissioning + meccanismo di conferma (es. ticket di installazione firmato). 3) Gestire centralmente le credenziali TeamViewer (se TeamViewer resta attivo) in un password manager GNV. | I8: ALTA
A9: 5 | B9: Accesso wireless | C9: SR 1.6 | D9: Architettura CAIM include WiFi attivo: il MikroTik Router ha interfaccia WiFi che serve la chiavetta NGLinq USB collegata all'ECDIS (comunicazione WiFi NGLinq↔MikroTik). Raccomandazione produttore: NGLinq entro 5 metri dal MikroTik. Il NGBox è invece collegato via LAN cablata al MikroTik. | E9: NGBOX-NGLINQ Standard Configuration Guide_v.1.0.pdf (24/07/2025) sez. 2 'Connections', sez. 4 'Network Default Configuration', sez. 6 'NGLinq' | F9: PARZIALMENTE CONFORME | G9: WiFi presente e attivo nella configurazione standard. La rete WiFi del MikroTik trasporta i dati cartografici tra NGLinq e NGBox — dati non confidenziali ma l'attaccante in range può interagire con il router se non protetto. Non documentato quale protezione WiFi (WPA2/WPA3, lunghezza chiave, rotazione) sia applicata su GNV. | H9: Richiedere a CAIM/Dastech: (1) protocollo WiFi configurato (WPA2/WPA3), (2) complessità chiave, (3) isolamento della rete WiFi MikroTik rispetto alla Ship LAN, (4) se il WiFi è mai stato disabilitato su qualche nave dove l'NGLinq non è usato. | I9: MEDIA
A10: 6 | B10: Robustezza password | C10: SR 1.7 | D10: Password di default 'Ngbox_2024!' rispetta requisiti minimi classici (8+ caratteri, maiuscole, minuscole, numeri, speciale) ma è una password pubblicata nel manuale. Nessuna policy password documentata da CAIM per l'applicazione o il sistema operativo. | E10: NGBOX-NGLINQ Standard Configuration Guide_v.1.0.pdf (24/07/2025) sez. 3 | F10: PARZIALMENTE CONFORME | G10: La stringa rispetta la complessità minima ma non la segretezza. Nessuna policy password CAIM documentata: complessità, scadenza, storia, lockout. | H10: Richiedere a CAIM policy password formale. Applicare su GNV policy password robusta via GPO/locale per account Windows 'rt' e credenziali NGBox/Mikrotik post-commissioning. | I10: MEDIA
A11: 7 | B11: Mascheratura password | C11: SR 1.10 | D11: Applicazione NaviGate desktop standard Windows. Login Windows standard maschera password. Prassi CAIM non dichiarata esplicitamente ma coerente con standard Windows. | E11: Prassi standard applicazioni Windows | F11: CONFORME | G11: Assunto coerente. Verifica visiva durante visita bordo. | H11: Verifica visiva durante visita bordo. | I11: BASSA
A12: FR2 — Controllo degli accessi e audit
A13: 8 | B13: Minimo privilegio | C13: SR 2.1 | D13: CAIM richiede esplicitamente 'Full Administrator Rights' per l'esecuzione del software: 'Restricted user accounts will cause operational failures'. L'account 'rt' su GNV Altair è quindi presumibilmente Administrator locale. | E13: NaviGate_ADP_eNP_IT_Reference_Guide.pdf sez. 2.1 'User Privileges' | F13: NON CONFORME | G13: Violazione diretta del principio del minimo privilegio: l'account utente operativo di bordo ha privilegi di Administrator pieni per esigenze applicative. Un'eventuale compromissione dell'account 'rt' darebbe accesso Administrator al PC. | H13: 1) Richiedere a CAIM se esiste una modalità di esecuzione con privilegi ridotti (es. solo admin per installazione, utente standard per esecuzione). 2) Se il requisito Administrator è strutturale, formalizzare come finding e concordare compensating controls (application whitelisting, EDR, MFA login locale). | I13: ALTA
A14: 9 | B14: Controllo wireless | C14: SR 2.2 | D14: Il MikroTik Router ha WiFi attivo per comunicazione con NGLinq (vedi item 5). Nessun controllo formale sull'uso del WiFi documentato (authorization, monitoring, enforcement). | E14: NGBOX-NGLINQ Standard Configuration Guide_v.1.0.pdf (24/07/2025) sez. 2, 4 | F14: PARZIALMENTE CONFORME | G14: WiFi attivo senza policy documentata di controllo uso, monitoring, authorization. Accesso al MikroTik come admin (credenziali default Ngbox_2024!) permetterebbe modifiche alla config WiFi. | H14: Richiedere a CAIM/Dastech: policy sul WiFi MikroTik, logging degli accessi, meccanismi di authorization (es. MAC filtering NGLinq). | I14: MEDIA
A15: 10 | B15: Dispositivi USB | C15: SR 2.3 | D15: L'architettura CAIM USA una chiavetta USB (NGLinq) come componente operativo: si collega all'ECDIS. La presenza di porte USB attive è strutturale al funzionamento del sistema. Il manuale Backup prevede scrittura su 'Pendrive folder' come opzione (USB storage usato esplicitamente). Sul NGBox e sui PC NaviGate Master/Slave le porte USB sono usate per tastiera/mouse. | E15: NGBOX-NGLINQ Standard Configuration Guide_v.1.0.pdf (24/07/2025) sez. 1, 6 (NGLinq USB) NaviGate_Backup and Restore.pdf (cap. 23) | F15: NON CONFORME | G15: USB non può essere disabilitata (NGLinq richiede USB per funzionare). Il backup può essere fatto su USB storage. Nessun whitelisting di device USB né mass storage controls documentati. L'USB del NGLinq NON è usata solo per NGLinq: una USB generica potrebbe essere inserita nella stessa porta. | H15: 1) Richiedere a CAIM se NGLinq espone un device identifier univoco verificabile. 2) Applicare hardening USB su GNV (via GPO/EDR): whitelist NGLinq, blocco USB mass storage generico. 3) Policy operativa GNV: non usare pendrive per backup (usare cartelle di rete). | I15: ALTA
A16: 11 | B16: Mobile code | C16: SR 2.4 | D16: NaviGate è applicazione desktop basata su .NET Framework 4.8. Non documentato uso di mobile code (ActiveX, Flash, JavaScript embedded). | E16: NaviGate_ADP_eNP_IT_Reference_Guide.pdf sez. 3.2 (requisito .NET 4.8) | F16: CONFORME | G16: Architettura desktop .NET non predilige mobile code insicuro. | H16: Richiedere a CAIM conferma esplicita assenza di componenti web browser embedded o mobile code. | I16: BASSA
A17: 12 | B17: Blocco sessione | C17: SR 2.5 | D17: Non documentato timeout sessione NaviGate. Sul Windows dei PC GNV Altair presumibilmente vige policy GNV standard (lock screen dopo inattività), ma non confermata. | E17: Non documentato | F17: DA VERIFICARE | G17: Timeout sessione applicativo NaviGate non documentato. Timeout OS Windows GNV da verificare. | H17: Richiedere a CAIM: timeout inattività NaviGate. Verificare con Dastech/GNV policy lock screen Windows su PC CAIM. | I17: MEDIA
A18: 13 | B18: Log eventi sicurezza | C18: SR 2.8 | D18: Nessuna informazione nei manuali CAIM su generazione log di audit (accessi, modifiche configurazione, operazioni critiche). Il sistema registra attività operativa (calcoli, rotte, pubblicazioni) ma non è chiaro se genera audit trail di sicurezza. | E18: Non documentato nei manuali CAIM | F18: DA VERIFICARE | G18: Gap di documentazione sul logging di sicurezza. Eventi registrati da NaviGate: non classificati. Su Windows, log eventi standard disponibili ma non esplicitamente integrati. | H18: Richiedere a CAIM: elenco eventi di sicurezza loggati da NaviGate e NGBox (login, logout, failed attempts, modifiche config, errori attivazione), formato, percorso storage, retention. | I18: MEDIA
A19: 14 | B19: Spazio storage log | C19: SR 2.9 | D19: Non documentato. Spazio per data archive applicativo: 5 GB minimi (dati cartografici e pubblicazioni), non log. | E19: NaviGate_ADP_eNP_IT_Reference_Guide.pdf sez. 3.2 (5 GB disk space) | F19: DA VERIFICARE | G19: Storage log, retention, rotazione non documentati. | H19: Richiedere a CAIM. | I19: BASSA
A20: 15 | B20: Failure del logging | C20: SR 2.10 | D20: Non documentato. | E20: Non documentato | F20: DA VERIFICARE | G20: Comportamento in caso di failure del logging non documentato. | H20: Richiedere a CAIM. | I20: BASSA
A21: 16 | B21: Timestamp nei log | C21: SR 2.11 | D21: Non documentato. Windows sincronizza tipicamente con W32Time: per PC dedicati CAIM dipende dalla configurazione GNV/Dastech. | E21: Non documentato | F21: DA VERIFICARE | G21: Presenza e sincronizzazione timestamp non confermate. | H21: Verificare con Dastech se i PC CAIM sincronizzano con NTP interno GNV. | I21: BASSA
A22: FR3 — Integrità del sistema
A23: 17 | B23: Integrità comunicazioni | C23: SR 3.1 | D23: Traffico principale verso cloud in HTTPS (TLS 1.2+ richiesto esplicitamente come minimo). Configurazione firewall: maritimegate.net:443 (nGateway.exe), www.admiralty.co.uk:443, enavigator.ukho.gov.uk:443. HTTP fallback (porta 80) documentato come opzione configurabile: 'replace https://maritimegate.net with http://maritimegate.net'. FTP su porta 21 (passive) per e-NP, porte 20-21 per adpactivation.ukho.gov.uk. | E23: NGBOX-NGLINQ Standard Configuration Guide_v.1.0.pdf (24/07/2025) sez. 7.3 NaviGate_ADP_eNP_IT_Reference_Guide.pdf sez. 3-6 | F23: PARZIALMENTE CONFORME | G23: HTTPS default OK. Problema: HTTP fallback documentato ESPLICITAMENTE come opzione permessa (se la nave non supporta HTTPS). FTP per e-NP e attivazione ADP sono protocolli in chiaro per definizione. | H23: 1) Verificare per ciascuna nave GNV che sia effettivamente in uso HTTPS e non il fallback HTTP. 2) Richiedere a CAIM integrità sugli aggiornamenti pubblicazioni scaricati via FTP (firma digitale, hash). 3) Formalizzare policy GNV: HTTP mai usato come fallback. | I23: ALTA
A24: 18 | B24: Protezione malware | C24: SR 3.2 | D24: NGBox gira Windows con 'pre-configured through Clonezilla'. Il manuale raccomanda solo Windows supportati da Microsoft. Nessuna indicazione esplicita su antivirus: non è richiesto né escluso. | E24: NGBOX-NGLINQ Standard Configuration Guide_v.1.0.pdf (24/07/2025) sez. 1 NaviGate_ADP_eNP_IT_Reference_Guide.pdf sez. 2.1 | F24: DA VERIFICARE | G24: Policy antivirus CAIM non dichiarata. Compatibilità CAIM con antivirus/EDR enterprise non documentata (possibili falsi positivi su nGateway.exe). | H24: Richiedere a CAIM: antivirus/EDR supportati, eventuali esclusioni richieste per processi CAIM (NaviGate.exe, nGateway.exe, nGatewayManager.exe). | I24: ALTA
A25: 19 | B25: Test sicurezza | C25: SR 3.3 | D25: Nessuna informazione su test di sicurezza o certificazioni cybersecurity del prodotto nei manuali ricevuti. | E25: Non documentato | F25: DA VERIFICARE | G25: Assenza di evidenze di penetration test, vulnerability assessment, type approval cyber. | H25: Richiedere a CAIM: evidenze di test di sicurezza, certificazioni RINA/DNV/BV. Pianificare FAT/SAT cyber per installazioni GNV. | I25: MEDIA
A26: 20 | B26: Stato sicuro (fail-safe) | C26: SR 3.4 | D26: CAIM è sistema di supporto alla navigazione (gestione pubblicazioni digitali e pianificazione), non sistema di controllo attivo. Architettura ridondante Master + Slave mitiga il rischio di indisponibilità: se una postazione si pianta, l'altra copre. Il manuale Basic Procedures formalizza la procedura di switch Master↔Slave. | E26: Navigate Basic Procedures for User_v.2.0.pdf (11/03/2026) (architettura Master/Slave) GNV_Systems tab CAIM | F26: CONFORME | G26: Sistema passivo + ridondanza. Nessun impatto safety-critical diretto in caso di attacco. | H26: Formalizzare procedura switch Master/Slave per equipaggio GNV. | I26: BASSA
A27: FR4 — Confidenzialità dei dati
A28: 21 | B28: Protezione dati | C28: SR 4.1 | D28: Dati cartografici e pubblicazioni nautiche non sono confidenziali. Dati confidenziali potenziali: credenziali (utente 'rt', credenziali NGBox, Mikrotik, TeamViewer), certificati attivazione, configurazione nave. Cifratura at-rest sui PC NaviGate non documentata. | E28: Inferenza dall'architettura documentata | F28: PARZIALMENTE CONFORME | G28: Cifratura storage non documentata (no BitLocker dichiarato). Le credenziali e i codici di attivazione sono potenzialmente in chiaro sul disco. | H28: Applicare su GNV cifratura disco (BitLocker) sulle postazioni NaviGate. Richiedere a CAIM se BitLocker è supportato/testato. | I28: MEDIA
A29: 22 | B29: Crittografia | C29: SR 4.3 | D29: Requisito esplicito TLS 1.2 minimo per comunicazioni NaviGate↔maritimegate.net. Il manuale include guida dettagliata per abilitare TLS 1.2 anche su Windows 7. Suite di cifratura e versione massima supportata non dettagliate. | E29: NaviGate_ADP_eNP_IT_Reference_Guide.pdf sez. 3.4 'TLS 1.2 Configuration Guide' | F29: CONFORME | G29: Minimo TLS 1.2 OK rispetto agli standard attuali. TLS 1.3 non dichiarato esplicitamente. | H29: Richiedere a CAIM: supporto TLS 1.3, suite di cifratura consigliate. | I29: BASSA
A30: FR6 — Risposta agli eventi
A31: 23 | B31: Accessibilità log audit | C31: SR 6.1 | D31: Dipendenza diretta da item 13 (log assenti/non documentati). | E31: Vedi item 13 | F31: DA VERIFICARE | G31: Accessibilità log a utenti autorizzati non documentata. | H31: Vedi item 13. | I31: BASSA
A32: FR7 — Disponibilità delle risorse
A33: 24 | B33: Protezione DoS | C33: SR 7.1 | D33: Architettura ridondante Master + Slave mitiga DoS (se una postazione si pianta, l'altra copre). Protezioni DoS a livello applicativo non documentate. | E33: Navigate Basic Procedures for User_v.2.0.pdf (11/03/2026) (Master/Slave) | F33: PARZIALMENTE CONFORME | G33: Ridondanza HW sì, protezioni DoS applicative non documentate. Il MikroTik router è punto singolo di failure per NGBox↔NGLinq. | H33: Richiedere a CAIM: comportamento NaviGate sotto DoS, resilienza MikroTik. | I33: BASSA
A34: 25 | B34: Gestione risorse | C34: SR 7.2 | D34: Requisiti HW specifici: processor i5 quad-core, 8 GB RAM min, 16 GB RAM per Windows 10+. Gestione risorse interne applicativa non documentata. | E34: NaviGate_ADP_eNP_IT_Reference_Guide.pdf sez. 3.2 | F34: DA VERIFICARE | G34: Limiti interni applicativi non documentati. | H34: Richiedere a CAIM. | I34: BASSA
A35: 26 | B35: Backup | C35: SR 7.3 | D35: Procedura backup manuale documentata: funzionalità 'Backup' nel menu System di NaviGate. Backup include NaviGate settings (sottoscrizioni, cataloghi, ship model), SENC, AIO, Paper charts, Books, Weather, Navarea, Piracy, NP234, Routes. Destinazione: cartella locale o Pendrive USB. Backup manuale, non schedulato. INTEGRAZIONE 27/04/2026: procedura backup manuale dettagliata in NAVIGATE_How_Activate_Backup_Station (1).pdf (2 pagine): 1) backup dal PC primario via menu System → Backup → scelta destinazione (cartella locale o pendrive USB), 2) copia del backup file sul PC backup, 3) installazione NaviGate sul PC backup, 4) Tasks → Active product → Activate Backup Station → selezione del backup file. Il PC backup viene attivato con lo stesso contract del primario, senza consumo di nuova licenza. | E35: NaviGate_Backup and Restore.pdf (cap. 23) NaviGate_Activation_Master (1).pdf NAVIGATE_How_Activate_Backup_Station (1).pdf | F35: PARZIALMENTE CONFORME | G35: Backup disponibile ma MANUALE (deve essere eseguito dall'operatore). Nessuna schedulazione automatica documentata. Raccomandazione backup su Pendrive è in tensione con item 10 (rischio USB). | H35: 1) Definire policy GNV per frequenza e destinazione backup (non usare pendrive, usare cartella di rete dedicata). 2) Richiedere a CAIM se esiste scheduling automatico del backup. | I35: MEDIA
A36: 27 | B36: Ripristino | C36: SR 7.4 | D36: Procedura 'Restore' documentata nel menu System. Procedura 'Activate Backup Station' disponibile: se il Master si pianta, il backup file può essere usato per attivare lo Slave con lo stesso contract (senza consumare nuova licenza). I passi sono documentati nei manuali forniti. | E36: NaviGate_Backup and Restore.pdf (cap. 23) cap. 23.B NAVIGATE_How_Activate_Backup_Station (1).pdf | F36: CONFORME | G36: Procedura di recovery documentata. RTO/RPO non quantificati. | H36: Definire RTO/RPO con CAIM e Dastech. Testare la procedura di recovery almeno una volta per nave. | I36: BASSA
A37: 28 | B37: Alimentazione emergenza | C37: SR 7.5 | D37: Non documentato nei manuali CAIM. Alimentazione NGBox: DC 9-36V / AC Power Adapter incluso. Collegamento a UPS di bordo da verificare nelle installazioni GNV. | E37: NGBOX-NGLINQ Standard Configuration Guide_v.1.0.pdf (24/07/2025) sez. 2 (power) | F37: DA VERIFICARE | G37: Collegamento UPS per PC CAIM/NGBox/Mikrotik non documentato. | H37: Verificare su Cable Diagram / durante visita bordo se le postazioni CAIM sono su UPS. | I37: MEDIA
A38: 29 | B38: Configurazione rete | C38: SR 7.6 | D38: Configurazione di rete documentata: NGBox 172.16.10.20 (default, ma GNV Altair usa 172.16.128.228/231 — configurazione custom GNV), Mikrotik LAN 172.16.10.1, NGLinq WiFi 172.16.11.30. Firewall ship-side: whitelist specifica documentata (IP UKHO, porte, URL). Mikrotik gestito da CAIM. | E38: NGBOX-NGLINQ Standard Configuration Guide_v.1.0.pdf (24/07/2025) sez. 4 ALTAIR.txt (documentazione installazione GNV Altair: ALTD102058/ALTD102061, 172.16.128.228/231, username 'rt') NaviGate_ADP_eNP_IT_Reference_Guide.pdf | F38: PARZIALMENTE CONFORME | G38: Configurazione di rete documentata a livello di prodotto. Per GNV: VLAN di collocazione non chiarite. Il Mikrotik è gestito da CAIM (credenziali default), separazione di responsabilità tra CAIM/Dastech/GNV da formalizzare. | H38: 1) Chiarire con Dastech: su quale VLAN sono i PC NaviGate e il NGBox. 2) Definire chi gestisce il Mikrotik (CAIM? Dastech? GNV?). 3) Cambiare credenziali default MikroTik e documentare nuovo owner. | I38: ALTA
A39: 30 | B39: Hardening | C39: SR 7.7 | D39: Alcune indicazioni di hardening presenti nei manuali CAIM: PC dedicati esclusivamente a navigazione (no office, no email, no web browsing generico), no Thin Client, no Virtual Machine, no Server, no PC condivisi, esclusione cloud sync (OneDrive/DropBox/iCloud) dalle cartelle dati. Ma manca guida hardening completa per Mikrotik e NGBox. | E39: NaviGate_ADP_eNP_IT_Reference_Guide.pdf sez. 2.1, 2.2 NGBOX-NGLINQ Standard Configuration Guide_v.1.0.pdf (24/07/2025) | F39: PARZIALMENTE CONFORME | G39: Best practice dichiarate per i PC NaviGate Master/Slave. Mancanti: hardening Mikrotik (cambio credenziali, disabilitazione servizi non necessari), hardening NGBox (oltre alle raccomandazioni PC). | H39: Richiedere a CAIM hardening guide formale completa (NaviGate + NGBox + Mikrotik). Applicare su GNV. | I39: MEDIA
A40: Sez. 4.2 — Additional security capabilities (reti untrusted)
A41: FR1 — Identificazione e autenticazione (untrusted)
A42: 31 | B42: MFA per utenti umani | C42: SR 1.1 RE1 | D42: MFA non documentata per NaviGate, NGBox, Mikrotik, TeamViewer. L'accesso a TeamViewer (remote support CAIM) è il canale di accesso untrusted più critico e non risulta protetto da MFA documentata. | E42: NGBOX-NGLINQ Standard Configuration Guide_v.1.0.pdf (24/07/2025) (TeamViewer) NaviGate_ADP_eNP_IT_Reference_Guide.pdf | F42: NON CONFORME | G42: Assenza MFA su canali di accesso remoto (TeamViewer) e local admin NGBox/Mikrotik. Rilievo importante. | H42: 1) Richiedere a CAIM: disponibilità MFA su TeamViewer (Business account con 2FA) e account CAIM Support. 2) Architetturalmente: forzare l'accesso remoto tramite jump server/PAM GNV con MFA (stesso tema Sertica/Danelec/NAPA). | I42: ALTA
A43: 32 | B43: Identificazione software e dispositivi | C43: SR 1.2 | D43: Il NGBox e le installazioni NaviGate usano un contract number + activation code per identificazione univoca verso il server CAIM. NGLinq è pre-attivato con identità hardware (presumibilmente device ID USB). Certificati X.509 lato client non documentati. | E43: NGBOX-NGLINQ Standard Configuration Guide_v.1.0.pdf (24/07/2025) sez. 5 'NGBox Activation' NaviGate_Activation_Master (1).pdf | F43: PARZIALMENTE CONFORME | G43: Identificazione via contract/activation code è un meccanismo di licensing, non un'autenticazione crittografica forte. Il bypass del controllo non è documentato. | H43: Richiedere a CAIM: meccanismo di identificazione crittografica del client verso server (certificato, device token). | I43: MEDIA
A44: 33 | B44: Blocco tentativi login falliti | C44: SR 1.11 | D44: Non documentato per l'applicazione NaviGate, il NGBox o il Mikrotik. Windows può essere configurato con lockout via GPO, ma non è chiaro lo stato di GNV. | E44: Non documentato | F44: DA VERIFICARE | G44: Lockout non documentato. | H44: Richiedere a CAIM policy di lockout. Verificare con GNV/Dastech GPO Windows applicate ai PC CAIM. | I44: MEDIA
A45: 34 | B45: Banner avviso uso sistema | C45: SR 1.12 | D45: Non documentato. | E45: Non documentato | F45: DA VERIFICARE | G45: Banner 'Authorized Use Only' non documentato all'accesso. | H45: Richiedere a CAIM configurazione banner. In alternativa, applicare banner Windows via GPO. | I45: BASSA
A46: 35 | B46: Accesso da reti untrusted | C46: SR 1.13 | D46: CAIM ha canale dichiarato di accesso remoto: **TeamViewer pre-installato sul NGBox** per remote assistance, con credenziali gestite da CAIM Support. Il manuale dice: 'If necessary, ask the credentials to CAIM support'. Questo è un canale di accesso remoto attivo from/via untrusted network (Internet). | E46: NGBOX-NGLINQ Standard Configuration Guide_v.1.0.pdf (24/07/2025) sez. 3 (TeamViewer) | F46: NON CONFORME | G46: TeamViewer pre-installato = canale di accesso remoto always-available da parte del fornitore, non sotto il controllo diretto di GNV. Rilievo grave. Non è documentato: chi in CAIM ha accesso, con quale supervisione, se è logged/auditato, se è soggetto a MFA. | H46: 1) Rilievo formale a GNV: presenza di TeamViewer pre-installato. Opzioni di mitigazione: (a) disinstallare TeamViewer e forzare accesso CAIM via jump server GNV su richiesta, (b) mantenere TeamViewer ma con account GNV-managed (non CAIM) + MFA + logging. 2) Richiedere a CAIM documento formale di accesso remoto (chi accede, quando, con quale autorizzazione). | I46: ALTA
A47: 36 | B47: Approvazione esplicita accessi | C47: SR 1.13 RE1 | D47: TeamViewer su NGBox è accessibile da CAIM Support in qualsiasi momento (dopo che l'equipaggio accetta la richiesta di connessione, tipicamente). Approvazione esplicita a bordo esiste solo a livello di prompt TeamViewer standard, ma non c'è processo GNV documentato. | E47: NGBOX-NGLINQ Standard Configuration Guide_v.1.0.pdf (24/07/2025) sez. 3 | F47: PARZIALMENTE CONFORME | G47: Approvazione a bordo esiste solo come prompt di accept TeamViewer — non processo formale. L'equipaggio potrebbe accettare senza autorizzazione da terra. | H47: Definire processo GNV: richieste di accesso remoto CAIM devono essere notificate e approvate da riferimento tecnico GNV prima che l'equipaggio accetti. | I47: ALTA
A48: FR2 — Controllo degli accessi (untrusted)
A49: 37 | B49: Terminazione sessione remota | C49: SR 2.7 | D49: TeamViewer ha timeout di default configurabile ma non documentato su CAIM. NaviGate non è esposto direttamente via rete untrusted (nGateway fa outbound). | E49: Non documentato nei manuali CAIM | F49: DA VERIFICARE | G49: Timeout sessione TeamViewer non documentato. | H49: Richiedere a CAIM configurazione timeout TeamViewer. Se disinstallato (vedi item 35), il controllo decade. | I49: MEDIA
A50: FR3 — Integrità del sistema (untrusted)
A51: 38 | B51: Integrità crittografica comunicazioni | C51: SR 3.1 RE1 | D51: HTTPS (TLS 1.2+) utilizzato come default per comunicazione NaviGate↔maritimegate.net. HTTPS (TLS) anche per UKHO (ADP, e-Navigator). HTTP (porta 80) come fallback permesso ma non consigliato. FTP (porta 21 passive) per e-NP in chiaro — non integrità crittografica. TeamViewer ha TLS nativo. | E51: NGBOX-NGLINQ Standard Configuration Guide_v.1.0.pdf (24/07/2025) sez. 7.3 NaviGate_ADP_eNP_IT_Reference_Guide.pdf | F51: PARZIALMENTE CONFORME | G51: TLS ok per HTTPS. FTP per e-NP resta in chiaro. HTTP fallback è rischio documentato. | H51: 1) Eliminare HTTP fallback su ciascuna nave GNV. 2) Richiedere a CAIM/UKHO migrazione a SFTP/FTPS per e-NP. 3) Integrità via firma digitale dei file scaricati (richiedere se esiste). | I51: ALTA
A52: 39 | B52: Validazione input | C52: SR 3.5 | D52: Non documentato. | E52: Non documentato | F52: DA VERIFICARE | G52: Validazione input non documentata. | H52: Richiedere a CAIM. | I52: MEDIA
A53: 40 | B53: Integrità sessione | C53: SR 3.8 | D53: Non documentato per le comunicazioni di rete di NaviGate e TeamViewer. | E53: Non documentato | F53: DA VERIFICARE | G53: Gestione integrità sessione non documentata. | H53: Richiedere a CAIM. | I53: MEDIA
A54: 41 | B54: Invalidazione ID sessione al logout | C54: SR 3.8 RE1 | D54: Non documentato. | E54: Non documentato | F54: DA VERIFICARE | G54: Invalidazione ID sessione non documentata. | H54: Richiedere a CAIM. | I54: MEDIA
A55: Sez. 3 — Documenti aggiuntivi
A56: 3.1.1 | B56: CBS Asset inventory | C56: SR 7.8 | D56: Asset inventory CAIM per postazione standard documentata: — 2 PC Windows dedicati (NaviGate Master + NaviGate Slave) — 1 NGBox (PC Windows con Clonezilla pre-config) — 1 NGLinq (USB WiFi stick collegato all'ECDIS) — 1 MikroTik WiFi Router — Software: NaviGate.exe + nGateway.exe + nGatewayManager.exe — TeamViewer pre-installato — .NET Framework 4.8 (runtime incluso) — OS: Windows 7/10/11 (Microsoft-supported mandatory) — Hardware min: Intel quad-core i5, 8-16 GB RAM Installazione GNV Altair specifica: — Primario ALTD102058, IP 172.16.128.228, user 'rt' — Backup ALTD102061, IP 172.16.128.231, user 'rt' SBOM formale NON FORNITA. EVIDENZA FOTOGRAFICA postazione GNV Altair (foto del 05/03/2026): • PC primario sul ponte di comando: Hostname ALTD102058, IP 172.16.128.228, username 'rt' (File multimediali.jpeg, ore 11:37). • PC secondario di backup in segreteria: Hostname ALTD102061, IP 172.16.128.231, username 'rt' (File multimediali (1).jpeg, ore 11:38). Conferma topologia tipica GNV: 1 PC primario + 1 PC backup per nave, entrambi su rete 172.16.128.0/24, stesso username operativo 'rt'. Sistema operativo Windows. | E56: NGBOX-NGLINQ Standard Configuration Guide_v.1.0.pdf (24/07/2025) NaviGate_ADP_eNP_IT_Reference_Guide.pdf ALTAIR.txt (documentazione installazione GNV Altair: ALTD102058/ALTD102061, 172.16.128.228/231, username 'rt') File multimediali.jpeg + File multimediali (1).jpeg (foto installazione GNV Altair, 05/03/2026) | F56: PARZIALMENTE CONFORME | G56: Asset inventory ora molto più completo grazie ai manuali. Mancano: modelli hardware specifici PC, versione firmware MikroTik, versione software NaviGate installata su GNV, SBOM formale. | H56: Richiedere a CAIM: asset inventory per nave GNV (con hostname, IP, versione software, versione firmware), SBOM formale (CycloneDX o SPDX). | I56: MEDIA
A57: 3.1.9 | B57: Management of change plan | C57: E22 | D57: Nessuna procedura di change management documentata nei materiali CAIM. | E57: Non documentato | F57: DA VERIFICARE | G57: Manca procedura change management. | H57: Richiedere a CAIM procedura di change management. | I57: MEDIA
A58: 3.1.10 | B58: Test reports | C58: — | D58: Nessun test report cybersecurity nei materiali ricevuti. Nessuna certificazione cyber dichiarata. | E58: Non documentato | F58: DA VERIFICARE | G58: Assenza test report formali. | H58: Richiedere a CAIM evidenze test di sicurezza. Pianificare FAT/SAT cyber per installazioni GNV. | I58: MEDIA
A59: Sez. 5 — Secure Development Lifecycle (IEC 62443-4-1)
A60: 5.1 | B60: Controllo chiavi private | C60: SM-8 | D60: Non documentato. | E60: Non documentato | F60: DA VERIFICARE | G60: Gestione chiavi private (code signing, certificati cloud) non documentata. | H60: Richiedere a CAIM dichiarazione su protezione chiavi private. | I60: MEDIA
A61: 5.2 | B61: Documentazione aggiornamenti sicurezza | C61: SUM-2 | D61: Aggiornamenti software NaviGate: installazione tramite NaviGate_Setup.exe eseguito come Administrator. Processo formale di comunicazione patch di sicurezza non dichiarato. | E61: NGBOX-NGLINQ Standard Configuration Guide_v.1.0.pdf (24/07/2025) sez. 7.3.1 | F61: DA VERIFICARE | G61: Distribuzione patch software CAIM formale non documentata. | H61: Richiedere a CAIM processo di comunicazione patch di sicurezza (release note, bollettini). | I61: MEDIA
A62: 5.3 | B62: Aggiornamenti componenti dipendenti | C62: SUM-3 | D62: Dipendenze note: .NET Framework 4.8 (mandatory), Windows SO (manutenuto da Microsoft), TLS 1.2 (Windows Schannel), TeamViewer. Le altre dipendenze applicative non sono documentate (no SBOM). | E62: NaviGate_ADP_eNP_IT_Reference_Guide.pdf sez. 3.2 | F62: PARZIALMENTE CONFORME | G62: Dipendenze core dichiarate ma SBOM completa mancante. | H62: Richiedere a CAIM SBOM formale + policy aggiornamento componenti terzi. | I62: MEDIA
A63: 5.4 | B63: Distribuzione aggiornamenti sicurezza | C63: SUM-4 | D63: Aggiornamenti pubblicazioni nautiche tramite e-NP via FTP (porta 21) dal servizio UKHO. Aggiornamenti software NaviGate: setup .exe eseguito come Admin. Firma digitale degli installer non dichiarata. | E63: NGBOX-NGLINQ Standard Configuration Guide_v.1.0.pdf (24/07/2025) sez. 7.3.1 NaviGate_ADP_eNP_IT_Reference_Guide.pdf | F63: PARZIALMENTE CONFORME | G63: Aggiornamento pubblicazioni via FTP = canale non cifrato. Firma digitale eseguibili NaviGate non confermata. | H63: 1) Richiedere a CAIM meccanismo di verifica integrità aggiornamenti pubblicazioni (firma, hash). 2) Verificare se gli installer CAIM sono firmati digitalmente. | I63: ALTA
A64: 5.5 | B64: Defence in depth del prodotto | C64: SG-1 | D64: Elementi di defence in depth nell'architettura: 2 PC (Master/Slave) ridondanti, MikroTik router dedicato, NGBox come gateway, firewall whitelist esterna, TLS 1.2 mandatory. Manca documento formale di strategia. | E64: NGBOX-NGLINQ Standard Configuration Guide_v.1.0.pdf (24/07/2025) NaviGate_ADP_eNP_IT_Reference_Guide.pdf | F64: PARZIALMENTE CONFORME | G64: Layered architecture presente ma documento formale di strategia defence in depth assente. | H64: Richiedere a CAIM documento strategia defence in depth. | I64: MEDIA
A65: 5.6 | B65: Defence in depth ambiente esterno | C65: SG-2 | D65: Il manuale IT-ICT Reference Guide elenca requisiti che il cliente deve garantire: PC dedicati, OS Microsoft-supported, Admin rights, esclusione cloud sync, firewall whitelist. Questo è sostanzialmente un elenco di difese esterne attese. | E65: NaviGate_ADP_eNP_IT_Reference_Guide.pdf sez. 2-7 | F65: CONFORME | G65: Documento IT-ICT Reference Guide copre adeguatamente il tema. Integrazione con ambiente GNV (VLAN, firewall Palo Alto) da dettagliare. | H65: Mappare i requisiti CAIM contro l'ambiente GNV reale per confermare che siano tutti soddisfatti. | I65: BASSA
A66: 5.7 | B66: Hardening guidelines | C66: SG-3 | D66: Il manuale NGBOX Config Guide + IT-ICT Reference Guide costituiscono la documentazione di hardening di base, ma sono orientate a installazione/configurazione più che a sicurezza. Mancano indicazioni esplicite di hardening per Mikrotik e Windows (non ci sono baseline di configurazione o checklist sicurezza). | E66: NGBOX-NGLINQ Standard Configuration Guide_v.1.0.pdf (24/07/2025) NaviGate_ADP_eNP_IT_Reference_Guide.pdf | F66: PARZIALMENTE CONFORME | G66: Guide operative presenti, guida security hardening formale completa no. | H66: Richiedere a CAIM hardening guide security-oriented (non solo operativa). | I66: MEDIA

Sheet Riepilogo
A1: Riepilogo — Analisi E27 CAIM (NaviGate + NGBox + NGLinq + ADP/e-NP)
A3: CONTEGGIO AUTOMATICO STATO (aggiornamento dinamico dal foglio Analisi)
A4: # | B4: Stato | C4: Conteggio | D4: Totale | E4: Percentuale
A5: 1 | B5: CONFORME | C5: =COUNTIF('Analisi E27 — CAIM'!$F$4:$F$66,"CONFORME") -> 6 | D5: =COUNTIF('Analisi E27 — CAIM'!$F$4:$F$66,"CONFORME")+COUNTIF('Analisi E27 — CAIM'!$F$4:$F$66,"PARZIALMENTE CONFORME")+COUNTIF('Analisi E27 — CAIM'!$F$4:$F$66,"NON CONFORME")+COUNTIF('Analisi E27 — CAIM'!$F$4:$F$66,"DA VERIFICARE")+COUNTIF('Analisi E27 — CAIM'!$F$4:$F$66,"N/A") -> 51 | E5: =IF(D5=0,"",C5/D5) -> 0.11764706
A6: 2 | B6: PARZIALMENTE CONFORME | C6: =COUNTIF('Analisi E27 — CAIM'!$F$4:$F$66,"PARZIALMENTE CONFORME") -> 20 | D6: =COUNTIF('Analisi E27 — CAIM'!$F$4:$F$66,"CONFORME")+COUNTIF('Analisi E27 — CAIM'!$F$4:$F$66,"PARZIALMENTE CONFORME")+COUNTIF('Analisi E27 — CAIM'!$F$4:$F$66,"NON CONFORME")+COUNTIF('Analisi E27 — CAIM'!$F$4:$F$66,"DA VERIFICARE")+COUNTIF('Analisi E27 — CAIM'!$F$4:$F$66,"N/A") -> 51 | E6: =IF(D6=0,"",C6/D6) -> 0.39215686
A7: 3 | B7: NON CONFORME | C7: =COUNTIF('Analisi E27 — CAIM'!$F$4:$F$66,"NON CONFORME") -> 4 | D7: =COUNTIF('Analisi E27 — CAIM'!$F$4:$F$66,"CONFORME")+COUNTIF('Analisi E27 — CAIM'!$F$4:$F$66,"PARZIALMENTE CONFORME")+COUNTIF('Analisi E27 — CAIM'!$F$4:$F$66,"NON CONFORME")+COUNTIF('Analisi E27 — CAIM'!$F$4:$F$66,"DA VERIFICARE")+COUNTIF('Analisi E27 — CAIM'!$F$4:$F$66,"N/A") -> 51 | E7: =IF(D7=0,"",C7/D7) -> 0.078431373
A8: 4 | B8: DA VERIFICARE | C8: =COUNTIF('Analisi E27 — CAIM'!$F$4:$F$66,"DA VERIFICARE") -> 21 | D8: =COUNTIF('Analisi E27 — CAIM'!$F$4:$F$66,"CONFORME")+COUNTIF('Analisi E27 — CAIM'!$F$4:$F$66,"PARZIALMENTE CONFORME")+COUNTIF('Analisi E27 — CAIM'!$F$4:$F$66,"NON CONFORME")+COUNTIF('Analisi E27 — CAIM'!$F$4:$F$66,"DA VERIFICARE")+COUNTIF('Analisi E27 — CAIM'!$F$4:$F$66,"N/A") -> 51 | E8: =IF(D8=0,"",C8/D8) -> 0.41176471
A9: 5 | B9: N/A | C9: =COUNTIF('Analisi E27 — CAIM'!$F$4:$F$66,"N/A") -> 0 | D9: =COUNTIF('Analisi E27 — CAIM'!$F$4:$F$66,"CONFORME")+COUNTIF('Analisi E27 — CAIM'!$F$4:$F$66,"PARZIALMENTE CONFORME")+COUNTIF('Analisi E27 — CAIM'!$F$4:$F$66,"NON CONFORME")+COUNTIF('Analisi E27 — CAIM'!$F$4:$F$66,"DA VERIFICARE")+COUNTIF('Analisi E27 — CAIM'!$F$4:$F$66,"N/A") -> 51 | E9: =IF(D9=0,"",C9/D9) -> 0
B10: TOTALE | C10: =SUM(C5:C9) -> 51
A12: DETTAGLIO PER ITEM (stato e priorità aggiornati automaticamente dal foglio Analisi)
A13: Item | B13: Controllo | C13: Stato | D13: Priorità | E13: Cosa fare
A14: Sezione 4.1 — System Requirements (30 controlli base)
A15: 1 | B15: ='Analisi E27 — CAIM'!B5 -> Identificazione utente | C15: ='Analisi E27 — CAIM'!F5 -> PARZIALMENTE CONFORME | D15: ='Analisi E27 — CAIM'!I5 -> MEDIA | E15: ='Analisi E27 — CAIM'!H5 -> Richiedere a CAIM se il software supporta account individuali. Concordare con GNV la creazione di account individuali per ogni operatore che usa le postazioni NaviGate, con traccia degli accessi.
A16: 2 | B16: ='Analisi E27 — CAIM'!B6 -> Gestione account | C16: ='Analisi E27 — CAIM'!F6 -> DA VERIFICARE | D16: ='Analisi E27 — CAIM'!I6 -> MEDIA | E16: ='Analisi E27 — CAIM'!H6 -> Richiedere a Dastech/GNV chi gestisce l'account Windows 'rt' sulle postazioni Altair (e sulle altre navi). Definire procedura di lifecycle.
A17: 3 | B17: ='Analisi E27 — CAIM'!B7 -> Gestione ruoli | C17: ='Analisi E27 — CAIM'!F7 -> PARZIALMENTE CONFORME | D17: ='Analisi E27 — CAIM'!I7 -> BASSA | E17: ='Analisi E27 — CAIM'!H7 -> Richiedere a CAIM se esistono ruoli utente distinti nel software (es. read-only vs editor). Se no, prendere atto del limite.
A18: 4 | B18: ='Analisi E27 — CAIM'!B8 -> Gestione credenziali | C18: ='Analisi E27 — CAIM'!F8 -> PARZIALMENTE CONFORME | D18: ='Analisi E27 — CAIM'!I8 -> ALTA | E18: ='Analisi E27 — CAIM'!H8 -> 1) Verificare per ciascuna nave GNV che le credenziali di default NGBox e Mikrotik siano state cambiate al commissioning. 2) Richiedere a CAIM policy formale di change password obbligatorio al commissioning + meccanismo di conferma (es. ticket di installazione firmato). 3) Gestire centralmente le credenziali TeamViewer (se TeamViewer resta attivo) in un password manager GNV.
A19: 5 | B19: ='Analisi E27 — CAIM'!B9 -> Accesso wireless | C19: ='Analisi E27 — CAIM'!F9 -> PARZIALMENTE CONFORME | D19: ='Analisi E27 — CAIM'!I9 -> MEDIA | E19: ='Analisi E27 — CAIM'!H9 -> Richiedere a CAIM/Dastech: (1) protocollo WiFi configurato (WPA2/WPA3), (2) complessità chiave, (3) isolamento della rete WiFi MikroTik rispetto alla Ship LAN, (4) se il WiFi è mai stato disabilitato su qualche nave dove l'NGLinq non è usato.
A20: 6 | B20: ='Analisi E27 — CAIM'!B10 -> Robustezza password | C20: ='Analisi E27 — CAIM'!F10 -> PARZIALMENTE CONFORME | D20: ='Analisi E27 — CAIM'!I10 -> MEDIA | E20: ='Analisi E27 — CAIM'!H10 -> Richiedere a CAIM policy password formale. Applicare su GNV policy password robusta via GPO/locale per account Windows 'rt' e credenziali NGBox/Mikrotik post-commissioning.
A21: 7 | B21: ='Analisi E27 — CAIM'!B11 -> Mascheratura password | C21: ='Analisi E27 — CAIM'!F11 -> CONFORME | D21: ='Analisi E27 — CAIM'!I11 -> BASSA | E21: ='Analisi E27 — CAIM'!H11 -> Verifica visiva durante visita bordo.
A22: 8 | B22: ='Analisi E27 — CAIM'!B13 -> Minimo privilegio | C22: ='Analisi E27 — CAIM'!F13 -> NON CONFORME | D22: ='Analisi E27 — CAIM'!I13 -> ALTA | E22: ='Analisi E27 — CAIM'!H13 -> 1) Richiedere a CAIM se esiste una modalità di esecuzione con privilegi ridotti (es. solo admin per installazione, utente standard per esecuzione). 2) Se il requisito Administrator è strutturale, formalizzare come finding e concordare compensating controls (application whitelisting, EDR, MFA login locale).
A23: 9 | B23: ='Analisi E27 — CAIM'!B14 -> Controllo wireless | C23: ='Analisi E27 — CAIM'!F14 -> PARZIALMENTE CONFORME | D23: ='Analisi E27 — CAIM'!I14 -> MEDIA | E23: ='Analisi E27 — CAIM'!H14 -> Richiedere a CAIM/Dastech: policy sul WiFi MikroTik, logging degli accessi, meccanismi di authorization (es. MAC filtering NGLinq).
A24: 10 | B24: ='Analisi E27 — CAIM'!B15 -> Dispositivi USB | C24: ='Analisi E27 — CAIM'!F15 -> NON CONFORME | D24: ='Analisi E27 — CAIM'!I15 -> ALTA | E24: ='Analisi E27 — CAIM'!H15 -> 1) Richiedere a CAIM se NGLinq espone un device identifier univoco verificabile. 2) Applicare hardening USB su GNV (via GPO/EDR): whitelist NGLinq, blocco USB mass storage generico. 3) Policy operativa GNV: non usare pendrive per backup (usare cartelle di rete).
A25: 11 | B25: ='Analisi E27 — CAIM'!B16 -> Mobile code | C25: ='Analisi E27 — CAIM'!F16 -> CONFORME | D25: ='Analisi E27 — CAIM'!I16 -> BASSA | E25: ='Analisi E27 — CAIM'!H16 -> Richiedere a CAIM conferma esplicita assenza di componenti web browser embedded o mobile code.
A26: 12 | B26: ='Analisi E27 — CAIM'!B17 -> Blocco sessione | C26: ='Analisi E27 — CAIM'!F17 -> DA VERIFICARE | D26: ='Analisi E27 — CAIM'!I17 -> MEDIA | E26: ='Analisi E27 — CAIM'!H17 -> Richiedere a CAIM: timeout inattività NaviGate. Verificare con Dastech/GNV policy lock screen Windows su PC CAIM.
A27: 13 | B27: ='Analisi E27 — CAIM'!B18 -> Log eventi sicurezza | C27: ='Analisi E27 — CAIM'!F18 -> DA VERIFICARE | D27: ='Analisi E27 — CAIM'!I18 -> MEDIA | E27: ='Analisi E27 — CAIM'!H18 -> Richiedere a CAIM: elenco eventi di sicurezza loggati da NaviGate e NGBox (login, logout, failed attempts, modifiche config, errori attivazione), formato, percorso storage, retention.
A28: 14 | B28: ='Analisi E27 — CAIM'!B19 -> Spazio storage log | C28: ='Analisi E27 — CAIM'!F19 -> DA VERIFICARE | D28: ='Analisi E27 — CAIM'!I19 -> BASSA | E28: ='Analisi E27 — CAIM'!H19 -> Richiedere a CAIM.
A29: 15 | B29: ='Analisi E27 — CAIM'!B20 -> Failure del logging | C29: ='Analisi E27 — CAIM'!F20 -> DA VERIFICARE | D29: ='Analisi E27 — CAIM'!I20 -> BASSA | E29: ='Analisi E27 — CAIM'!H20 -> Richiedere a CAIM.
A30: 16 | B30: ='Analisi E27 — CAIM'!B21 -> Timestamp nei log | C30: ='Analisi E27 — CAIM'!F21 -> DA VERIFICARE | D30: ='Analisi E27 — CAIM'!I21 -> BASSA | E30: ='Analisi E27 — CAIM'!H21 -> Verificare con Dastech se i PC CAIM sincronizzano con NTP interno GNV.
A31: 17 | B31: ='Analisi E27 — CAIM'!B23 -> Integrità comunicazioni | C31: ='Analisi E27 — CAIM'!F23 -> PARZIALMENTE CONFORME | D31: ='Analisi E27 — CAIM'!I23 -> ALTA | E31: ='Analisi E27 — CAIM'!H23 -> 1) Verificare per ciascuna nave GNV che sia effettivamente in uso HTTPS e non il fallback HTTP. 2) Richiedere a CAIM integrità sugli aggiornamenti pubblicazioni scaricati via FTP (firma digitale, hash). 3) Formalizzare policy GNV: HTTP mai usato come fallback.
A32: 18 | B32: ='Analisi E27 — CAIM'!B24 -> Protezione malware | C32: ='Analisi E27 — CAIM'!F24 -> DA VERIFICARE | D32: ='Analisi E27 — CAIM'!I24 -> ALTA | E32: ='Analisi E27 — CAIM'!H24 -> Richiedere a CAIM: antivirus/EDR supportati, eventuali esclusioni richieste per processi CAIM (NaviGate.exe, nGateway.exe, nGatewayManager.exe).
A33: 19 | B33: ='Analisi E27 — CAIM'!B25 -> Test sicurezza | C33: ='Analisi E27 — CAIM'!F25 -> DA VERIFICARE | D33: ='Analisi E27 — CAIM'!I25 -> MEDIA | E33: ='Analisi E27 — CAIM'!H25 -> Richiedere a CAIM: evidenze di test di sicurezza, certificazioni RINA/DNV/BV. Pianificare FAT/SAT cyber per installazioni GNV.
A34: 20 | B34: ='Analisi E27 — CAIM'!B26 -> Stato sicuro (fail-safe) | C34: ='Analisi E27 — CAIM'!F26 -> CONFORME | D34: ='Analisi E27 — CAIM'!I26 -> BASSA | E34: ='Analisi E27 — CAIM'!H26 -> Formalizzare procedura switch Master/Slave per equipaggio GNV.
A35: 21 | B35: ='Analisi E27 — CAIM'!B28 -> Protezione dati | C35: ='Analisi E27 — CAIM'!F28 -> PARZIALMENTE CONFORME | D35: ='Analisi E27 — CAIM'!I28 -> MEDIA | E35: ='Analisi E27 — CAIM'!H28 -> Applicare su GNV cifratura disco (BitLocker) sulle postazioni NaviGate. Richiedere a CAIM se BitLocker è supportato/testato.
A36: 22 | B36: ='Analisi E27 — CAIM'!B29 -> Crittografia | C36: ='Analisi E27 — CAIM'!F29 -> CONFORME | D36: ='Analisi E27 — CAIM'!I29 -> BASSA | E36: ='Analisi E27 — CAIM'!H29 -> Richiedere a CAIM: supporto TLS 1.3, suite di cifratura consigliate.
A37: 23 | B37: ='Analisi E27 — CAIM'!B31 -> Accessibilità log audit | C37: ='Analisi E27 — CAIM'!F31 -> DA VERIFICARE | D37: ='Analisi E27 — CAIM'!I31 -> BASSA | E37: ='Analisi E27 — CAIM'!H31 -> Vedi item 13.
A38: 24 | B38: ='Analisi E27 — CAIM'!B33 -> Protezione DoS | C38: ='Analisi E27 — CAIM'!F33 -> PARZIALMENTE CONFORME | D38: ='Analisi E27 — CAIM'!I33 -> BASSA | E38: ='Analisi E27 — CAIM'!H33 -> Richiedere a CAIM: comportamento NaviGate sotto DoS, resilienza MikroTik.
A39: 25 | B39: ='Analisi E27 — CAIM'!B34 -> Gestione risorse | C39: ='Analisi E27 — CAIM'!F34 -> DA VERIFICARE | D39: ='Analisi E27 — CAIM'!I34 -> BASSA | E39: ='Analisi E27 — CAIM'!H34 -> Richiedere a CAIM.
A40: 26 | B40: ='Analisi E27 — CAIM'!B35 -> Backup | C40: ='Analisi E27 — CAIM'!F35 -> PARZIALMENTE CONFORME | D40: ='Analisi E27 — CAIM'!I35 -> MEDIA | E40: ='Analisi E27 — CAIM'!H35 -> 1) Definire policy GNV per frequenza e destinazione backup (non usare pendrive, usare cartella di rete dedicata). 2) Richiedere a CAIM se esiste scheduling automatico del backup.
A41: 27 | B41: ='Analisi E27 — CAIM'!B36 -> Ripristino | C41: ='Analisi E27 — CAIM'!F36 -> CONFORME | D41: ='Analisi E27 — CAIM'!I36 -> BASSA | E41: ='Analisi E27 — CAIM'!H36 -> Definire RTO/RPO con CAIM e Dastech. Testare la procedura di recovery almeno una volta per nave.
A42: 28 | B42: ='Analisi E27 — CAIM'!B37 -> Alimentazione emergenza | C42: ='Analisi E27 — CAIM'!F37 -> DA VERIFICARE | D42: ='Analisi E27 — CAIM'!I37 -> MEDIA | E42: ='Analisi E27 — CAIM'!H37 -> Verificare su Cable Diagram / durante visita bordo se le postazioni CAIM sono su UPS.
A43: 29 | B43: ='Analisi E27 — CAIM'!B38 -> Configurazione rete | C43: ='Analisi E27 — CAIM'!F38 -> PARZIALMENTE CONFORME | D43: ='Analisi E27 — CAIM'!I38 -> ALTA | E43: ='Analisi E27 — CAIM'!H38 -> 1) Chiarire con Dastech: su quale VLAN sono i PC NaviGate e il NGBox. 2) Definire chi gestisce il Mikrotik (CAIM? Dastech? GNV?). 3) Cambiare credenziali default MikroTik e documentare nuovo owner.
A44: 30 | B44: ='Analisi E27 — CAIM'!B39 -> Hardening | C44: ='Analisi E27 — CAIM'!F39 -> PARZIALMENTE CONFORME | D44: ='Analisi E27 — CAIM'!I39 -> MEDIA | E44: ='Analisi E27 — CAIM'!H39 -> Richiedere a CAIM hardening guide formale completa (NaviGate + NGBox + Mikrotik). Applicare su GNV.
A45: Sezione 4.2 — Additional Security Capabilities (11 controlli untrusted)
A46: 31 | B46: ='Analisi E27 — CAIM'!B42 -> MFA per utenti umani | C46: ='Analisi E27 — CAIM'!F42 -> NON CONFORME | D46: ='Analisi E27 — CAIM'!I42 -> ALTA | E46: ='Analisi E27 — CAIM'!H42 -> 1) Richiedere a CAIM: disponibilità MFA su TeamViewer (Business account con 2FA) e account CAIM Support. 2) Architetturalmente: forzare l'accesso remoto tramite jump server/PAM GNV con MFA (stesso tema Sertica/Danelec/NAPA).
A47: 32 | B47: ='Analisi E27 — CAIM'!B43 -> Identificazione software e dispositivi | C47: ='Analisi E27 — CAIM'!F43 -> PARZIALMENTE CONFORME | D47: ='Analisi E27 — CAIM'!I43 -> MEDIA | E47: ='Analisi E27 — CAIM'!H43 -> Richiedere a CAIM: meccanismo di identificazione crittografica del client verso server (certificato, device token).
A48: 33 | B48: ='Analisi E27 — CAIM'!B44 -> Blocco tentativi login falliti | C48: ='Analisi E27 — CAIM'!F44 -> DA VERIFICARE | D48: ='Analisi E27 — CAIM'!I44 -> MEDIA | E48: ='Analisi E27 — CAIM'!H44 -> Richiedere a CAIM policy di lockout. Verificare con GNV/Dastech GPO Windows applicate ai PC CAIM.
A49: 34 | B49: ='Analisi E27 — CAIM'!B45 -> Banner avviso uso sistema | C49: ='Analisi E27 — CAIM'!F45 -> DA VERIFICARE | D49: ='Analisi E27 — CAIM'!I45 -> BASSA | E49: ='Analisi E27 — CAIM'!H45 -> Richiedere a CAIM configurazione banner. In alternativa, applicare banner Windows via GPO.
A50: 35 | B50: ='Analisi E27 — CAIM'!B46 -> Accesso da reti untrusted | C50: ='Analisi E27 — CAIM'!F46 -> NON CONFORME | D50: ='Analisi E27 — CAIM'!I46 -> ALTA | E50: ='Analisi E27 — CAIM'!H46 -> 1) Rilievo formale a GNV: presenza di TeamViewer pre-installato. Opzioni di mitigazione: (a) disinstallare TeamViewer e forzare accesso CAIM via jump server GNV su richiesta, (b) mantenere TeamViewer ma con account GNV-managed (non CAIM) + MFA + logging. 2) Richiedere a CAIM documento formale di accesso remoto (chi accede, quando, con quale autorizzazione).
A51: 36 | B51: ='Analisi E27 — CAIM'!B47 -> Approvazione esplicita accessi | C51: ='Analisi E27 — CAIM'!F47 -> PARZIALMENTE CONFORME | D51: ='Analisi E27 — CAIM'!I47 -> ALTA | E51: ='Analisi E27 — CAIM'!H47 -> Definire processo GNV: richieste di accesso remoto CAIM devono essere notificate e approvate da riferimento tecnico GNV prima che l'equipaggio accetti.
A52: 37 | B52: ='Analisi E27 — CAIM'!B49 -> Terminazione sessione remota | C52: ='Analisi E27 — CAIM'!F49 -> DA VERIFICARE | D52: ='Analisi E27 — CAIM'!I49 -> MEDIA | E52: ='Analisi E27 — CAIM'!H49 -> Richiedere a CAIM configurazione timeout TeamViewer. Se disinstallato (vedi item 35), il controllo decade.
A53: 38 | B53: ='Analisi E27 — CAIM'!B51 -> Integrità crittografica comunicazioni | C53: ='Analisi E27 — CAIM'!F51 -> PARZIALMENTE CONFORME | D53: ='Analisi E27 — CAIM'!I51 -> ALTA | E53: ='Analisi E27 — CAIM'!H51 -> 1) Eliminare HTTP fallback su ciascuna nave GNV. 2) Richiedere a CAIM/UKHO migrazione a SFTP/FTPS per e-NP. 3) Integrità via firma digitale dei file scaricati (richiedere se esiste).
A54: 39 | B54: ='Analisi E27 — CAIM'!B52 -> Validazione input | C54: ='Analisi E27 — CAIM'!F52 -> DA VERIFICARE | D54: ='Analisi E27 — CAIM'!I52 -> MEDIA | E54: ='Analisi E27 — CAIM'!H52 -> Richiedere a CAIM.
A55: 40 | B55: ='Analisi E27 — CAIM'!B53 -> Integrità sessione | C55: ='Analisi E27 — CAIM'!F53 -> DA VERIFICARE | D55: ='Analisi E27 — CAIM'!I53 -> MEDIA | E55: ='Analisi E27 — CAIM'!H53 -> Richiedere a CAIM.
A56: 41 | B56: ='Analisi E27 — CAIM'!B54 -> Invalidazione ID sessione al logout | C56: ='Analisi E27 — CAIM'!F54 -> DA VERIFICARE | D56: ='Analisi E27 — CAIM'!I54 -> MEDIA | E56: ='Analisi E27 — CAIM'!H54 -> Richiedere a CAIM.
A57: Sezione 3 — Documenti aggiuntivi
A58: 3.1.1 | B58: ='Analisi E27 — CAIM'!B56 -> CBS Asset inventory | C58: ='Analisi E27 — CAIM'!F56 -> PARZIALMENTE CONFORME | D58: ='Analisi E27 — CAIM'!I56 -> MEDIA | E58: ='Analisi E27 — CAIM'!H56 -> Richiedere a CAIM: asset inventory per nave GNV (con hostname, IP, versione software, versione firmware), SBOM formale (CycloneDX o SPDX).
A59: 3.1.9 | B59: ='Analisi E27 — CAIM'!B57 -> Management of change plan | C59: ='Analisi E27 — CAIM'!F57 -> DA VERIFICARE | D59: ='Analisi E27 — CAIM'!I57 -> MEDIA | E59: ='Analisi E27 — CAIM'!H57 -> Richiedere a CAIM procedura di change management.
A60: 3.1.10 | B60: ='Analisi E27 — CAIM'!B58 -> Test reports | C60: ='Analisi E27 — CAIM'!F58 -> DA VERIFICARE | D60: ='Analisi E27 — CAIM'!I58 -> MEDIA | E60: ='Analisi E27 — CAIM'!H58 -> Richiedere a CAIM evidenze test di sicurezza. Pianificare FAT/SAT cyber per installazioni GNV.
A61: Sezione 5 — Secure Development Lifecycle (IEC 62443-4-1)
A62: 5.1 | B62: ='Analisi E27 — CAIM'!B60 -> Controllo chiavi private | C62: ='Analisi E27 — CAIM'!F60 -> DA VERIFICARE | D62: ='Analisi E27 — CAIM'!I60 -> MEDIA | E62: ='Analisi E27 — CAIM'!H60 -> Richiedere a CAIM dichiarazione su protezione chiavi private.
A63: 5.2 | B63: ='Analisi E27 — CAIM'!B61 -> Documentazione aggiornamenti sicurezza | C63: ='Analisi E27 — CAIM'!F61 -> DA VERIFICARE | D63: ='Analisi E27 — CAIM'!I61 -> MEDIA | E63: ='Analisi E27 — CAIM'!H61 -> Richiedere a CAIM processo di comunicazione patch di sicurezza (release note, bollettini).
A64: 5.3 | B64: ='Analisi E27 — CAIM'!B62 -> Aggiornamenti componenti dipendenti | C64: ='Analisi E27 — CAIM'!F62 -> PARZIALMENTE CONFORME | D64: ='Analisi E27 — CAIM'!I62 -> MEDIA | E64: ='Analisi E27 — CAIM'!H62 -> Richiedere a CAIM SBOM formale + policy aggiornamento componenti terzi.
A65: 5.4 | B65: ='Analisi E27 — CAIM'!B63 -> Distribuzione aggiornamenti sicurezza | C65: ='Analisi E27 — CAIM'!F63 -> PARZIALMENTE CONFORME | D65: ='Analisi E27 — CAIM'!I63 -> ALTA | E65: ='Analisi E27 — CAIM'!H63 -> 1) Richiedere a CAIM meccanismo di verifica integrità aggiornamenti pubblicazioni (firma, hash). 2) Verificare se gli installer CAIM sono firmati digitalmente.
A66: 5.5 | B66: ='Analisi E27 — CAIM'!B64 -> Defence in depth del prodotto | C66: ='Analisi E27 — CAIM'!F64 -> PARZIALMENTE CONFORME | D66: ='Analisi E27 — CAIM'!I64 -> MEDIA | E66: ='Analisi E27 — CAIM'!H64 -> Richiedere a CAIM documento strategia defence in depth.
A67: 5.6 | B67: ='Analisi E27 — CAIM'!B65 -> Defence in depth ambiente esterno | C67: ='Analisi E27 — CAIM'!F65 -> CONFORME | D67: ='Analisi E27 — CAIM'!I65 -> BASSA | E67: ='Analisi E27 — CAIM'!H65 -> Mappare i requisiti CAIM contro l'ambiente GNV reale per confermare che siano tutti soddisfatti.
A68: 5.7 | B68: ='Analisi E27 — CAIM'!B66 -> Hardening guidelines | C68: ='Analisi E27 — CAIM'!F66 -> PARZIALMENTE CONFORME | D68: ='Analisi E27 — CAIM'!I66 -> MEDIA | E68: ='Analisi E27 — CAIM'!H66 -> Richiedere a CAIM hardening guide security-oriented (non solo operativa).

Sheet Legenda
A1: Legenda — Criteri di classificazione stati e priorità (IACS UR E27)
A4: Criteri di classificazione STATO
A5: Stato | B5: Quando si assegna | C5: Requisiti minimi
A6: CONFORME | B6: Il controllo è pienamente implementato dal fornitore e verificabile dalle fonti documentali ricevute. Nessun gap significativo rispetto al requisito E27. Può includere piccole verifiche residue (es. verifica visiva, test operativo) ma l'evidenza documentale è sufficiente a dichiarare la conformità. | C6: Almeno UNA delle seguenti condizioni: (a) Documentazione di prodotto del fornitore che descrive esplicitamente l'implementazione. (b) Certificazione di terze parti applicabile al controllo (es. ISO 27001 per controlli di information security management). (c) Standard tecnico implicito nell'architettura (es. TLS implicitamente garantisce integrità crittografica). (d) Evidenza fisica/operativa raccolta durante visita bordo o call tecnica.
A7: PARZIALMENTE CONFORME | B7: Il controllo è parzialmente implementato o documentato. Esistono evidenze concrete dell'implementazione ma con gap noti: documentazione incompleta, configurazione dichiarata ma non verificata, alcuni aspetti coperti e altri no, oppure il controllo si basa su un'assunzione plausibile ma non confermata. È la classificazione più comune per sistemi con documentazione parziale. | C7: TIPICAMENTE UNA delle seguenti: (a) Documentazione di prodotto copre l'aspetto MA con gap (es. 'usa TLS' senza specificare versione/suite). (b) Esiste implementazione architetturale MA manca documento formale (es. defence in depth presente ma non formalizzato). (c) Il controllo è coperto per un sottoinsieme delle navi/configurazioni MA non per tutte. (d) Standard di prassi implicito senza conferma esplicita del fornitore. (e) Mitigazione esiste lato cliente ma non integrata nel prodotto del fornitore.
A8: NON CONFORME | B8: Il controllo NON è implementato o è implementato in modo palesemente insufficiente rispetto al requisito E27. Esiste evidenza documentale o tecnica concreta del gap. Non è una mancanza di informazioni (quella va in DA VERIFICARE) ma una evidenza concreta di non conformità. | C8: TIPICAMENTE UNA delle seguenti: (a) Il fornitore dichiara esplicitamente una pratica non conforme (es. password default pubblicate nel manuale, USB strutturalmente necessari, full admin rights mandatory). (b) Architettura con elementi in chiaro non cifrati che il requisito E27 considera necessari cifrare. (c) Assenza di un meccanismo di sicurezza che il requisito richiede esplicitamente (es. MFA sui canali untrusted). (d) Canale di accesso remoto attivo senza controlli di approvazione/logging documentati (es. TeamViewer pre-installato).
A9: DA VERIFICARE | B9: Informazione insufficiente per classificare. Il controllo potrebbe essere conforme, parziale o non conforme, ma i documenti ricevuti non permettono di decidere. È diverso da 'non conforme': qui manca l'informazione, lì c'è evidenza negativa. | C9: TIPICAMENTE UNA delle seguenti: (a) Aspetto non trattato in nessun documento ricevuto (silenzio documentale). (b) Controllo che richiede dialogo diretto con il fornitore (IAM dettagliato, policy interne). (c) Controllo operativo che richiede verifica a bordo (presenza antivirus, UPS, wireless hardware). (d) Controllo per il quale il fornitore rimanda al cliente senza specifica (es. 'da configurare a cura del cliente' senza dettagli). Obiettivo: risolvere questi item con mail/call mirate al fornitore o verifica a bordo.
